order,family,original_name,tpl_genus,tpl_name,tpl_authority,tpl_id
Alismatales,Alismataceae,Sagittaria_montevidensis,Sagittaria,Sagittaria montevidensis,Cham. & Schltdl.,kew-287438
Apiales,Pittosporaceae,Billardiera_mutabilis,Billardiera,Billardiera mutabilis,Salisb.,kew-2675986
Asparagales,Hypoxidaceae,Hypoxis_decumbens,Hypoxis,Hypoxis decumbens,L.,kew-278993
Asparagales,Iridaceae,Libertia_pulchella,Libertia,Libertia pulchella,(R.Br.) Spreng.,kew-323116
Asparagales,Iridaceae,Romulea_rosea,Romulea,Romulea rosea,(L.) Eckl.,kew-324514
Asparagales,Iridaceae,Sisyrinchium_campestre,Sisyrinchium,Sisyrinchium campestre,E.P.Bicknell,kew-324997
Asparagales,Iridaceae,Sisyrinchium_laxum,Sisyrinchium,Sisyrinchium laxum,Otto ex Sims,kew-325208
Asparagales,Iridaceae,Sisyrinchium_megapotamicum,Sisyrinchium,Sisyrinchium megapotamicum,Malme,kew-325039
Asparagales,Iridaceae,Sisyrinchium_platense,Sisyrinchium,Sisyrinchium platense,I.M.Johnst.,kew-325098
Asparagales,Orchidaceae,Epidendrum_fulgens,Epidendrum,Epidendrum fulgens,Brongn.,kew-68452
Asparagales,Orchidaceae,Habenaria_pleiophylla,Habenaria,Habenaria pleiophylla,Hoehne & Schltr.,kew-95371
Asterales,Campanulaceae,Campanula_rapunculoides,Campanula,Campanula rapunculoides,L.,kew-365789
Asterales,Campanulaceae,Campanula_rotundifolia,Campanula,Campanula rotundifolia,L.,kew-365918
Asterales,Campanulaceae,Campanula_trachelium,Campanula,Campanula trachelium,L.,kew-366545
Asterales,Campanulaceae,Legousia_speculum-veneris,Legousia,Legousia speculum-veneris,(L.) Durande ex Vill.,kew-358587
Asterales,Campanulaceae,Siphocampylus_verticillatus,Siphocampylus,Siphocampylus verticillatus,(Cham.) G.Don,kew-356779
Asterales,Goodeniaceae,Dampiera_stricta,Dampiera,Dampiera stricta,(Sm.) R.Br.,kew-2756712
Asterales,Goodeniaceae,Goodenia_bellidifolia,Goodenia,Goodenia bellidifolia,Sm.,kew-2830462
Asterales,Menyanthaceae,Nymphoides_indica,Nymphoides,Nymphoides indica,(L.) Kuntze,kew-2385097
Asterales,Menyanthaceae,Villarsia_reniformis,Ornduffia,Ornduffia reniformis,(R. Br.) Tippery & Les,tro-100368157
Boraginales,Boraginaceae,Cordia_trichotoma,Cordia,Cordia trichotoma,(Vell.) Arráb. ex Steud.,kew-2737306
Boraginales,Boraginaceae,Echium_vulgare,Echium,Echium vulgare,L.,kew-2784423
Boraginales,Boraginaceae,Hydrophyllum_virginianum,Hydrophyllum,Hydrophyllum virginianum,L.,tro-16200020
Boraginales,Boraginaceae,Lithospermum_canescens,Lithospermum,Lithospermum canescens,(Michx.) Lehm.,tro-4000037
Boraginales,Boraginaceae,Myosotis_nemorosa,Myosotis,Myosotis nemorosa,Besser,kew-2358116
Boraginales,Boraginaceae,Pulmonaria_officinalis,Pulmonaria,Pulmonaria officinalis,L.,kew-2413004
Boraginales,Boraginaceae,Symphytum_officinale,Symphytum,Symphytum officinale,L.,kew-2475636
Brassicales,Brassicaceae,Alliaria_officinalis,Alliaria,Alliaria petiolata,(M.Bieb.) Cavara & Grande,kew-2628680
Brassicales,Brassicaceae,Cardaminopsis_arenosa,Arabidopsis,Arabidopsis arenosa,(L.) Lawalrée,kew-2645201
Brassicales,Brassicaceae,Barbarea_vulgaris,Barbarea,Barbarea vulgaris,R.Br.,kew-2669712
Brassicales,Brassicaceae,Cakile_edentula,Cakile,Cakile edentula,(Bigelow) Hook.,kew-2690380
Brassicales,Brassicaceae,Capsella_bursa-pastoris,Capsella,Capsella bursa-pastoris,(L.) Medik.,kew-2697999
Brassicales,Brassicaceae,Cardamine_bulbifera,Cardamine,Cardamine bulbifera,(L.) Crantz,kew-2699536
Brassicales,Brassicaceae,Hesperis_matronalis,Hesperis,Hesperis matronalis,L.,kew-2847567
Brassicales,Brassicaceae,Hornungia_alpina,Hornungia,Hornungia alpina,(L.) O.Appel,kew-2853403
Brassicales,Brassicaceae,Iberis_amara,Iberis,Iberis amara,L.,kew-2859697
Brassicales,Brassicaceae,Lepidium_draba,Lepidium,Lepidium draba,L.,kew-2342458
Brassicales,Brassicaceae,Lepidium_virginicum,Lepidium,Lepidium virginicum,L.,kew-2341702
Brassicales,Cleomaceae,Polanisia_dodecandra,Polanisia,Polanisia dodecandra,(L.) DC.,kew-2409562
Caryophyllales,Amaranthaceae,Chenopodium_album,Chenopodium,Chenopodium album,L.,kew-2716945
Caryophyllales,Caryophyllaceae,Dianthus_carthusianorum,Dianthus,Dianthus carthusianorum,L.,kew-2763976
Caryophyllales,Caryophyllaceae,Gypsophila_muralis,Gypsophila,Gypsophila muralis,L.,kew-2836754
Caryophyllales,Caryophyllaceae,Minuartia_austriaca,Minuartia,Minuartia austriaca,(Jacq.) Hayek,kew-2370880
Caryophyllales,Caryophyllaceae,Lychnis_flos-cuculi,Silene,Silene flos-cuculi,(L.) Greuter & Burdet,kew-2485564
Caryophyllales,Caryophyllaceae,Stellaria_nemorum,Stellaria,Stellaria nemorum,L.,kew-2482625
Caryophyllales,Droseraceae,Drosera_arcturi,Drosera,Drosera arcturi,Hook.,kew-64248
Caryophyllales,Montiaceae,Montia_australasica,Montia,Montia australasica,(Hook. f.) Pax & K. Hoffm.,tro-26200774
Celastrales,Celastraceae,Stackhousia_pulvinaris,Stackhousia,Stackhousia pulvinaris,F.Muell.,kew-2580318
Commelinales,Commelinaceae,Commelina_cyanea,Commelina,Commelina cyanea,R.Br.,kew-233821
Commelinales,Commelinaceae,Tradescantia_crassula,Tradescantia,Tradescantia crassula,Link & Otto,kew-270227
Commelinales,Commelinaceae,Tripogandra_diuretica,Tripogandra,Tripogandra diuretica,(Mart.) Handlos,kew-270836
Commelinales,Pontederiaceae,Eichhornia_azurea,Eichhornia,Eichhornia azurea,(Sw.) Kunth,kew-242126
Commelinales,Pontederiaceae,Pontederia_lanceolata,Pontederia,Pontederia cordata,L.,kew-259449
Cornales,Cornaceae,Cornus_sanguinea,Cornus,Cornus sanguinea,L.,kew-47495
Dilleniales,Dilleniaceae,Hibbertia_dentata,Hibbertia,Hibbertia dentata,R.Br. ex DC.,kew-2849134
Dilleniales,Dilleniaceae,Hibbertia_obtusifolia,Hibbertia,Hibbertia obtusifolia,DC.,kew-2849281
Dilleniales,Dilleniaceae,Hibbertia_scandens,Hibbertia,Hibbertia scandens,(Willd.) Dryand.,tro-100359596
Dipsacales,Adoxaceae,Sambucus_nigra,Sambucus,Sambucus nigra,L.,kew-2486519
Ericales,Balsaminaceae,Impatiens_parviflora,Impatiens,Impatiens parviflora,DC.,kew-2862981
Ericales,Ericaceae,Calluna_vulgaris,Calluna,Calluna vulgaris,(L.) Hull,kew-2692970
Ericales,Ericaceae,Dracophyllum_secundum,Dracophyllum,Dracophyllum secundum,R.Br.,kew-2777690
Ericales,Ericaceae,Epacris_glacialis,Epacris,Epacris glacialis,(F.Muell.) M.Gray,kew-2789684
Ericales,Ericaceae,Epacris_longiflora,Epacris,Epacris longiflora,Cav.,kew-2789753
Ericales,Ericaceae,Epacris_microphylla,Epacris,Epacris microphylla,R.Br.,kew-2789764
Ericales,Ericaceae,Epacris_obtusifolia,Epacris,Epacris obtusifolia,Sm.,kew-2789780
Ericales,Ericaceae,Epacris_reclinata,Epacris,Epacris reclinata,A.Cunn. ex Benth.,kew-2789801
Ericales,Ericaceae,Erica_carnea,Erica,Erica herbacea,L.,kew-2793460
Ericales,Ericaceae,Gaylussacia_brasiliensis,Gaylussacia,Gaylussacia brasiliensis,(Spreng.) Meisn.,kew-2818331
Ericales,Ericaceae,Rhododendron_hirsutum,Rhododendron,Rhododendron hirsutum,L.,kew-2419508
Ericales,Ericaceae,Sprengelia_incarnata,Sprengelia,Sprengelia incarnata,Sm.,kew-2592423
Ericales,Ericaceae,Sprengelia_monticola,Sprengelia,Sprengelia monticola,Druce,kew-2592420
Ericales,Polemoniaceae,Ipomopsis_aggregata,Ipomopsis,Ipomopsis aggregata,(Pursh) V.E. Grant,tro-25800208
Ericales,Primulaceae,Anagallis_arvensis,Anagallis,Anagallis arvensis,L.,kew-2636008
Ericales,Primulaceae,Dodecatheon_meadia,Dodecatheon,Dodecatheon meadia,L.,kew-2773724
Ericales,Primulaceae,Lysimachia_arvensis,Lysimachia,Lysimachia arvensis,(L.) U.Manns & Anderb.,kew-2896568
Ericales,Primulaceae,Lysimachia_europaea,Lysimachia,Lysimachia europaea,(L.) U.Manns & Anderb.,kew-2896575
Ericales,Primulaceae,Lysimachia_vulgaris,Lysimachia,Lysimachia vulgaris,L.,kew-2492070
Ericales,Primulaceae,Primula_auricula,Primula,Primula auricula,L.,kew-2564954
Ericales,Primulaceae,Primula_farinosa,Primula,Primula farinosa,L.,kew-2564807
Ericales,Primulaceae,Samolus_repens,Samolus,Samolus repens,Pers.,tro-26400325
Ericales,Primulaceae,Soldanella_alpina,Soldanella,Soldanella alpina,L.,kew-2599168
Escalloniales,Escalloniaceae,Escallonia_bifida,Escallonia,Escallonia bifida,Link & Otto,kew-2801760
Fabales,Fabaceae,Anthyllis_vulneraria,Anthyllis,Anthyllis vulneraria,L.,ild-7194
Fabales,Fabaceae,Bauhinia_forficata,Bauhinia,Bauhinia forficata,Link,ild-20031
Fabales,Fabaceae,Cassia_nictitans,Chamaecrista,Chamaecrista nictitans,(L.) Moench,ild-20159
Fabales,Fabaceae,Desmodium_canadense,Desmodium,Desmodium canadense,(L.) DC.,ild-16761
Fabales,Fabaceae,Dillwynia_retorta,Dillwynia,Dillwynia retorta,(Wendl.) Druce,ild-31344
Fabales,Fabaceae,Erythrina_crista-galli,Erythrina,Erythrina crista-galli,L.,ild-2683
Fabales,Fabaceae,Gompholobium_latifolium,Gompholobium,Gompholobium latifolium,Sm.,ild-35113
Fabales,Fabaceae,Hardenbergia_violacea,Hardenbergia,Hardenbergia violacea,(Schneev.) Stearn,ild-31161
Fabales,Fabaceae,Kennedia_rubicunda,Kennedia,Kennedia rubicunda,Vent.,ild-31170
Fabales,Fabaceae,Lathyrus_tuberosus,Lathyrus,Lathyrus tuberosus,L.,ild-8888
Fabales,Fabaceae,Lathyrus_venosus,Lathyrus,Lathyrus venosus,Willd.,ild-19837
Fabales,Fabaceae,Lotus_alpinus,Lotus,Lotus alpinus,(DC.) Ramond,ild-8898
Fabales,Fabaceae,Lotus_corniculatus,Lotus,Lotus corniculatus,L.,ild-7260
Fabales,Fabaceae,Medicago_sativa,Medicago,Medicago sativa,L.,ild-8536
Fabales,Fabaceae,Mirbelia_rubiifolia,Mirbelia,Mirbelia rubiifolia,(Andrews) G.Don,ild-35186
Fabales,Fabaceae,Onobrychis_viciifolia,Onobrychis,Onobrychis viciifolia,Scop.,ild-5130
Fabales,Fabaceae,Platylobium_formosum,Platylobium,Platylobium formosum,Sm.,ild-31336
Fabales,Fabaceae,Pultenaea_flexilis,Pultenaea,Pultenaea flexilis,Sm.,ild-34911
Fabales,Fabaceae,Securigera_varia,Securigera,Securigera varia,(L.) Lassen,ild-33053
Fabales,Fabaceae,Senna_neglecta,Senna,Senna neglecta,(Vogel) H.S.Irwin & Barneby,ild-21414
Fabales,Fabaceae,Senna_occidentalis,Senna,Senna occidentalis,(L.) Link,ild-1086
Fabales,Fabaceae,Trifolium_medium,Trifolium,Trifolium medium,L.,ild-9039
Fabales,Fabaceae,Trifolium_pratense,Trifolium,Trifolium pratense,L.,ild-8127
Fabales,Fabaceae,Trifolium_repens,Trifolium,Trifolium repens,L.,ild-8135
Fabales,Fabaceae,Vicia_cracca,Vicia,Vicia cracca,L.,ild-9103
Fabales,Fabaceae,Viminaria_juncea,Viminaria,Viminaria juncea,(Schrad.) Hoffmanns.,ild-34785
Fabales,Polygalaceae,Comesperma_ericinum,Comesperma,Comesperma ericinum,DC.,kew-2733191
Fabales,Polygalaceae,Polygala_chamaebuxus,Polygala,Polygala chamaebuxus,L.,kew-2566629
Fabales,Polygalaceae,Polygala_sanguinea,Polygala,Polygala sanguinea,L.,tro-25900463
Gentianales,Apocynaceae,Asclepias_curassavica,Asclepias,Asclepias curassavica,L.,kew-2654713
Gentianales,Gentianaceae,Centaurium_erythraea,Centaurium,Centaurium erythraea,Rafn,kew-2708639
Gentianales,Gentianaceae,Gentiana_asclepiadea,Gentiana,Gentiana asclepiadea,L.,kew-2819987
Gentianales,Gentianaceae,Gentiana_bavarica,Gentiana,Gentiana bavarica,L.,kew-2820041
Gentianales,Gentianaceae,Gentiana_lutea,Gentiana,Gentiana lutea,L.,kew-2820867
Gentianales,Gentianaceae,Gentiana_pannonica,Gentiana,Gentiana pannonica,Scop.,kew-2821117
Gentianales,Gentianaceae,Gentianopsis_ciliata,Gentianopsis,Gentianopsis ciliata,(L.) Ma,kew-2822421
Gentianales,Loganiaceae,Mitrasacme_polymorpha,Mitrasacme,Mitrasacme polymorpha,R.Br.,kew-2375797
Gentianales,Rubiaceae,Coccocypselum_reitzii,Coccocypselum,Coccocypselum pulchellum,Cham.,kew-44342
Gentianales,Rubiaceae,Diodia_radula,Diodella,Diodella radula,(Willd. & Hoffmanns. ex Roem. & Schult.) Delprete,kew-332573
Gentianales,Rubiaceae,Diodia_saponariifolia,Diodia,Diodia saponariifolia,(Cham. & Schltdl.) K.Schum.,kew-62062
Gentianales,Rubiaceae,Manettia_luteorubra,Manettia,Manettia luteorubra,(Vell.) Benth.,kew-119516
Gentianales,Rubiaceae,Richardia_grandiflora,Richardia,Richardia grandiflora,(Cham. & Schltdl.) Steud.,kew-178473
Geraniales,Geraniaceae,Erodium_cicutarium,Erodium,Erodium cicutarium,(L.) L'Hér.,kew-2798183
Geraniales,Geraniaceae,Geranium_maculatum,Geranium,Geranium maculatum,L.,kew-2823548
Geraniales,Geraniaceae,Geranium_potentilloides,Geranium,Geranium potentilloides,L'Hér. ex DC.,kew-2823834
Geraniales,Geraniaceae,Geranium_pratense,Geranium,Geranium pratense,L.,kew-2823842
Geraniales,Geraniaceae,Geranium_pyrenaicum,Geranium,Geranium pyrenaicum,Burm.f.,kew-2823898
Lamiales,Acanthaceae,Hygrophila_brasiliensis,Hygrophila,Hygrophila costata,Nees,kew-2856690
Lamiales,Acanthaceae,Justicia_brasiliana,Justicia,Justicia brasiliana,Roth,kew-2330309
Lamiales,Acanthaceae,Justicia_carnea,Justicia,Justicia carnea,Lindl.,kew-2331183
Lamiales,Acanthaceae,Ruellia_angustiflora,Ruellia,Ruellia angustiflora,(Nees) Lindau ex Rambo,kew-2873201
Lamiales,Bignoniaceae,Pyrostegia_venusta,Pyrostegia,Pyrostegia venusta,(Ker Gawl.) Miers,kew-317830
Lamiales,Lamiaceae,Aegiphila_brachiata,Aegiphila,Aegiphila brachiata,Vell.,kew-3370
Lamiales,Lamiaceae,Clinopodium_vulgare,Clinopodium,Clinopodium vulgare,L.,kew-43704
Lamiales,Lamiaceae,Glechoma_hederacea,Glechoma,Glechoma hederacea,L.,kew-90109
Lamiales,Lamiaceae,Horminum_pyrenaicum,Horminum,Horminum pyrenaicum,L.,kew-100217
Lamiales,Lamiaceae,Hyptis_fasciculata,Hyptis,Hyptis fasciculata,Benth.,kew-101772
Lamiales,Lamiaceae,Lamium_amplexicaule,Lamium,Lamium amplexicaule,L.,kew-107386
Lamiales,Lamiaceae,Lamium_galeobdolon,Lamium,Lamium galeobdolon,(L.) L.,kew-107452
Lamiales,Lamiaceae,Lamium_maculatum,Lamium,Lamium maculatum,(L.) L.,kew-107516
Lamiales,Lamiaceae,Lycopus_americanus,Lycopus,Lycopus americanus,Muhl. ex W.P.C.Barton,kew-115881
Lamiales,Lamiaceae,Lycopus_virginicus,Lycopus,Lycopus virginicus,L.,kew-115984
Lamiales,Lamiaceae,Origanum_vulgare,Origanum,Origanum vulgare,L.,kew-143954
Lamiales,Lamiaceae,Prostanthera_cuneata,Prostanthera,Prostanthera cuneata,Benth.,kew-165708
Lamiales,Lamiaceae,Prunella_grandiflora,Prunella,Prunella grandiflora,(L.) Scholler,kew-165955
Lamiales,Lamiaceae,Salvia_pratensis,Salvia,Salvia pratensis,L.,kew-183565
Lamiales,Lamiaceae,Scutellaria_galericulata,Scutellaria,Scutellaria galericulata,L.,kew-189114
Lamiales,Lamiaceae,Stachys_palustris,Stachys,Stachys palustris,L.,kew-195411
Lamiales,Lamiaceae,Stachys_recta,Stachys,Stachys recta,L.,kew-195519
Lamiales,Lamiaceae,Teucrium_chamaedrys,Teucrium,Teucrium chamaedrys,L.,kew-202772
Lamiales,Lamiaceae,Teucrium_montanum,Teucrium,Teucrium montanum,L.,kew-203119
Lamiales,Lamiaceae,Thymus_polytrichus,Thymus,Thymus praecox subsp. polytrichus,(A.Kern. ex Borbás) Jalas,kew-205276
Lamiales,Lamiaceae,Westringia_fruticosa,Westringia,Westringia fruticosa,(Willd.) Druce,kew-214590
Lamiales,Lamiaceae,Westringia_longifolia,Westringia,Westringia longifolia,R.Br.,kew-214595
Lamiales,Lentibulariaceae,Pinguicula_alpina,Pinguicula,Pinguicula alpina,L.,kew-2537533
Lamiales,Oleaceae,Ligustrum_vulgare,Ligustrum,Ligustrum vulgare,L.,kew-353907
Lamiales,Orobanchaceae,Agalinis_linarioides,Agalinis,Agalinis linarioides,(Cham. & Schltdl.) D'Arcy,kew-2625070
Lamiales,Orobanchaceae,Euphrasia_sp,Euphrasia,,,
Lamiales,Orobanchaceae,Euphrasia_collina,Euphrasia,Euphrasia collina,R. Br.,tro-100335438
Lamiales,Orobanchaceae,Euphrasia_officinalis,Euphrasia,Euphrasia officinalis,L.,kew-2804277
Lamiales,Orobanchaceae,Melampyrum_arvense,Melampyrum,Melampyrum arvense,L.,tro-29202417
Lamiales,Orobanchaceae,Melampyrum_pratense,Melampyrum,Melampyrum pratense,L.,tro-29200344
Lamiales,Orobanchaceae,Melampyrum_sylvaticum,Melampyrum,Melampyrum sylvaticum,Hook.,kew-2507238
Lamiales,Orobanchaceae,Orobanche_gracilis,Orobanche,Orobanche gracilis,Sm.,kew-2395655
Lamiales,Orobanchaceae,Rhinanthus_glacialis,Rhinanthus,Rhinanthus glacialis,Personnat,tro-29205530
Lamiales,Orobanchaceae,Rhinanthus_minor,Rhinanthus,Rhinanthus minor,L.,kew-2900773
Lamiales,Phrymaceae,Mimulus_glaucescens,Mimulus,Mimulus glaucescens,Greene,tro-29201110
Lamiales,Phrymaceae,Mimulus_guttatus,Mimulus,Mimulus guttatus,DC.,kew-2506223
Lamiales,Phrymaceae,Mimulus_laciniatus,Mimulus,Mimulus laciniatus,A. Gray,tro-29201122
Lamiales,Phrymaceae,Mimulus_micranthus,Mimulus,Mimulus micranthus,A. Heller,tro-29203897
Lamiales,Phrymaceae,Mimulus_nasutus,Mimulus,Mimulus nasutus,Greene,tro-29201139
Lamiales,Phrymaceae,Mimulus_nudatus,Mimulus,Mimulus nudatus,Curran ex Greene,tro-29201140
Lamiales,Phrymaceae,Mimulus_platycalyx,Mimulus,Mimulus platycalyx,Pennell,tro-29201146
Lamiales,Phrymaceae,Mimulus_tilingii,Mimulus,Mimulus tilingii,Regel,tro-29201168
Lamiales,Plantaginaceae,Collinsia_parviflora,Collinsia,Collinsia parviflora,Douglas ex Lindl.,kew-2731115
Lamiales,Plantaginaceae,Cymbalaria_muralis,Cymbalaria,Cymbalaria muralis,"P.Gaertn., B.Mey. & Scherb.",kew-2750549
Lamiales,Plantaginaceae,Digitalis_purpurea,Digitalis,Digitalis purpurea,L.,kew-2768087
Lamiales,Plantaginaceae,Linaria_alpina,Linaria,Linaria alpina,(L.) Mill.,kew-2497933
Lamiales,Plantaginaceae,Linaria_vulgaris,Linaria,Linaria vulgaris,Mill.,kew-2498895
Lamiales,Plantaginaceae,Plantago_lanceolata,Plantago,Plantago lanceolata,L.,kew-2569834
Lamiales,Plantaginaceae,Plantago_media,Plantago,Plantago media,L.,kew-2569797
Lamiales,Plantaginaceae,Veronica_chamaedrys,Veronica,Veronica chamaedrys,L.,kew-2453651
Lamiales,Plantaginaceae,Veronica_derwentiana,Veronica,Veronica derwentiana,Andrews,kew-2453928
Lamiales,Plantaginaceae,Veronica_officinalis,Veronica,Veronica officinalis,L.,kew-2463283
Lamiales,Scrophulariaceae,Verbascum_lychnitis,Verbascum,Verbascum lychnitis,L.,kew-2454783
Lamiales,Scrophulariaceae,Verbascum_thapsus,Verbascum,Verbascum thapsus,L.,kew-2453334
Lamiales,Verbenaceae,Glandularia_peruviana,Glandularia,Glandularia peruviana,(L.) Small,kew-89973
Lamiales,Verbenaceae,Glandularia_pulchella,Glandularia,Glandularia tenera,(Spreng.) Cabrera,kew-90001
Lamiales,Verbenaceae,Lantana_camara,Lantana,Lantana camara,L.,kew-107934
Lamiales,Verbenaceae,Verbena_bracteata,Verbena,Verbena bracteata,Cav. ex Lag. & Rodr.,kew-212129
Lamiales,Verbenaceae,Verbena_officinalis,Verbena,Verbena officinalis,L.,kew-212527
Laurales,Lauraceae,Nectandra_oppositifolia,Nectandra,Nectandra oppositifolia,Nees & Mart.,kew-2378929
Malpighiales,Elatinaceae,Elatine_alsinastrum,Elatine,Elatine alsinastrum,L.,kew-2786510
Malpighiales,Hypericaceae,Hypericum_brasiliense,Hypericum,Hypericum brasiliense,Choisy,tro-7801378
Malpighiales,Hypericaceae,Hypericum_connatum,Hypericum,Hypericum connatum,Lam.,tro-7800287
Malpighiales,Hypericaceae,Hypericum_gramineum,Hypericum,Hypericum gramineum,G.Forst.,kew-2858191
Malpighiales,Hypericaceae,Hypericum_perforatum,Hypericum,Hypericum perforatum,L.,kew-2858676
Malpighiales,Linaceae,Linum_marginale,Linum,Linum marginale,A.Cunn. ex Planch.,kew-2347101
Malpighiales,Linaceae,Linum_sulcatum,Linum,Linum sulcatum,Riddell,tro-18700125
Malpighiales,Malpighiaceae,Hiraea_psilophylla,Callaeum,Callaeum psilophyllum,(A.Juss.) D.M.Johnson,kew-2691904
Malpighiales,Malpighiaceae,Janusia_guaranitica,Janusia,Janusia guaranitica,(A.St.-Hil.) A.Juss.,kew-2331534
Malpighiales,Passifloraceae,Piriqueta_taubatensis,Piriqueta,Piriqueta taubatensis,(Urb.) Arbo,tro-33100195
Ericales,Ericaceae,Richea_continentis,Richea,Richea continentis,B.L.Burtt,kew-2419176
Malpighiales,Violaceae,Hybanthus_bigibbosus,Hybanthus,Hybanthus bigibbosus,(A.St.-Hil.) Hassl.,kew-2855252
Malpighiales,Violaceae,Viola_banksii,Viola,Viola banksii,K.R.Thiele & Prober,kew-2471233
Malpighiales,Violaceae,Viola_betonicifolia,Viola,Viola betonicifolia,Sm.,tro-33801371
Malpighiales,Violaceae,Viola_biflora,Viola,Viola biflora,L.,kew-2464036
Malpighiales,Violaceae,Viola_pedata,Viola,Viola pedata,L.,tro-33800451
Malpighiales,Violaceae,Viola_reichenbachiana,Viola,Viola reichenbachiana,Jord. ex Boreau,kew-2459911
Malvales,Cistaceae,Helianthemum_apenninum,Helianthemum,Helianthemum apenninum,(L.) Mill.,kew-2842251
Malvales,Cistaceae,Helianthemum_nummularium,Helianthemum,Helianthemum nummularium,(L.) Mill.,kew-2842625
Malvales,Malvaceae,Abutilon_theophrasti,Abutilon,Abutilon theophrasti,Medik.,kew-2611008
Malvales,Malvaceae,Ceiba_speciosa,Ceiba,Ceiba speciosa,(A.St.-Hil.) Ravenna,kew-2707399
Malvales,Malvaceae,Hibiscus_diversifolius,Hibiscus,Hibiscus diversifolius,Jacq.,kew-2849796
Malvales,Malvaceae,Malva_neglecta,Malva,Malva neglecta,Wallr.,kew-2503504
Malvales,Malvaceae,Malva_rotundifolia,Malva,Malva pusilla,Sm.,kew-2503981
Malvales,Malvaceae,Pavonia_friesii,Pavonia,Pavonia friesii,Krapov.,tro-50127804
Malvales,Malvaceae,Pavonia_psilophylla,Pavonia,Pavonia psilophylla,Ekman,tro-50171555
Malvales,Malvaceae,Pavonia_sepium,Pavonia,Pavonia sepium,A.St.-Hil.,kew-2547221
Malvales,Malvaceae,Sida_rhombifolia,Sida,Sida rhombifolia,L.,kew-2601837
Malvales,Malvaceae,Sidalcea_oregana,Sidalcea,Sidalcea oregana,(Nutt. ex Torr. & A. Gray) A. Gray,tro-19601134
Malvales,Malvaceae,Tilia_cordata,Tilia,Tilia cordata,Mill.,kew-2518181
Malvales,Thymelaeaceae,Daphne_mezereum,Daphne,Daphne mezereum,L.,kew-2757105
Myrtales,Lythraceae,Cuphea_ramulosa,Cuphea,Cuphea antisyphilitica,Kunth,kew-2747860
Myrtales,Lythraceae,Heimia_myrtifolia,Heimia,Heimia myrtifolia,Cham. & Schltdl.,kew-2841926
Myrtales,Lythraceae,Lythrum_maritimum,Lythrum,Lythrum maritimum,Kunth,kew-2354189
Myrtales,Lythraceae,Lythrum_salicaria,Lythrum,Lythrum salicaria,L.,kew-2354139
Myrtales,Melastomataceae,Leandra_australis,Leandra,Leandra australis,(Cham.) Cogn.,tro-20300693
Myrtales,Melastomataceae,Leandra_camporum,Leandra,Leandra camporum,Brade,tro-50291355
Myrtales,Melastomataceae,Tibouchina_clinopodifolia,Tibouchina,Tibouchina clinopodifolia,(DC.) Cogn.,tro-20302196
Myrtales,Melastomataceae,Tibouchina_gracilis,Tibouchina,Tibouchina gracilis,(Bonpl.) Cogn.,tro-20302207
Myrtales,Melastomataceae,Tibouchina_sellowiana,Tibouchina,Tibouchina sellowiana,Cogn.,tro-20301759
Myrtales,Myrtaceae,Callistemon_citrinus,Callistemon,Callistemon citrinus,(Curtis) Skeels,kew-31419
Myrtales,Myrtaceae,Calytrix_tetragona,Calytrix,Calytrix tetragona,Labill.,kew-32899
Myrtales,Myrtaceae,Kunzea_capitata,Kunzea,Kunzea capitata,(Sm.) Heynh.,kew-106531
Myrtales,Myrtaceae,Kunzea_ericifolia,Kunzea,Kunzea ericifolia,(Sm.) Heynh.,kew-106538
Myrtales,Myrtaceae,Kunzea_muelleri,Kunzea,Kunzea muelleri,Benth.,kew-106560
Myrtales,Myrtaceae,Leptospermum_laevigatum,Leptospermum,Leptospermum laevigatum,(Gaertn.) F.Muell.,kew-111353
Myrtales,Myrtaceae,Syzygium_australe,Syzygium,Syzygium australe,(J.C.Wendl. ex Link) B.Hyland,kew-199250
Myrtales,Onagraceae,Circaea_lutetiana,Circaea,Circaea lutetiana,L.,kew-2721837
Myrtales,Onagraceae,Epilobium_alpestre,Epilobium,Epilobium alpestre,(Jacq.) Krock.,kew-2790071
Myrtales,Onagraceae,Epilobium_angustifolium,Epilobium,Epilobium angustifolium,L.,kew-2790112
Myrtales,Onagraceae,Epilobium_gunnianum,Epilobium,Epilobium gunnianum,Hausskn.,kew-2790502
Myrtales,Onagraceae,Fuchsia_regia,Fuchsia,Fuchsia regia,(Vand. ex Vell.) Munz,kew-2815042
Myrtales,Onagraceae,Ludwigia_caparosa,Ludwigia,Ludwigia caparosa,(Cambess.) H. Hara,tro-23201691
Myrtales,Onagraceae,Ludwigia_elegans,Ludwigia,Ludwigia elegans,(Cambess.) H.Hara,kew-2493697
Myrtales,Onagraceae,Ludwigia_leptocarpa,Ludwigia,Ludwigia leptocarpa,(Nutt.) H.Hara,kew-2494048
Myrtales,Onagraceae,Ludwigia_multinervia,Ludwigia,Ludwigia multinervia,(Hook. & Arn.) Ramamoorthy,tro-23202136
Nymphaeales,Nymphaeaceae,Nymphaea_alba,Nymphaea,Nymphaea alba,L.,kew-2383355
Oxalidales,Cunoniaceae,Bauera_rubioides,Bauera,Bauera rubioides,Andrews,kew-2671258
Oxalidales,Elaeocarpaceae,Elaeocarpus_reticulatus,Elaeocarpus,Elaeocarpus reticulatus,Sm.,kew-2785945
Oxalidales,Elaeocarpaceae,Tetratheca_ericifolia,Tetratheca,Tetratheca ericifolia,F.Muell.,kew-2519123
Oxalidales,Oxalidaceae,Oxalis_acetosella,Oxalis,Oxalis acetosella,L.,kew-2394737
Oxalidales,Oxalidaceae,Oxalis_corniculata,Oxalis,Oxalis corniculata,L.,kew-2394644
Oxalidales,Oxalidaceae,Oxalis_martiana,Oxalis,Oxalis debilis var. corymbosa,(DC.) Lourteig,kew-2401421
Oxalidales,Oxalidaceae,Oxalis_niederleinii,Oxalis,Oxalis niederleinii,R. Knuth,tro-23700896
Oxalidales,Oxalidaceae,Oxalis_perennans,Oxalis,Oxalis perennans,Haw.,tro-50179696
Oxalidales,Oxalidaceae,Oxalis_sellowiana,Oxalis,Oxalis sellowiana,Zucc.,tro-23700036
Oxalidales,Oxalidaceae,Oxalis_stricta,Oxalis,Oxalis stricta,L.,kew-2394269
Poales,Xyridaceae,Xyris_operculata,Xyris,Xyris operculata,Labill.,kew-272893
Proteales,Proteaceae,Conospermum_tenuifolium,Conospermum,Conospermum tenuifolium,R.Br.,kew-2735554
Proteales,Proteaceae,Symphionema_paludosum,Symphionema,Symphionema paludosum,R. Br.,tro-100356373
Ranunculales,Ranunculaceae,Delphinium_barbeyi,Delphinium,Delphinium barbeyi,(Huth) Huth,kew-2759461
Ranunculales,Ranunculaceae,Ranunculus_bulbosus,Ranunculus,Ranunculus bulbosus,L.,kew-2524688
Ranunculales,Ranunculaceae,Ranunculus_graniticola,Ranunculus,Ranunculus graniticola,Melville,kew-2523911
Ranunculales,Ranunculaceae,Ranunculus_niphophilus,Ranunculus,Ranunculus niphophilus,B.G.Briggs,kew-2526134
Ranunculales,Ranunculaceae,Ranunculus_pimpinellifolius,Ranunculus,Ranunculus pimpinellifolius,Hook.,kew-2527090
Rosales,Rosaceae,Agrimonia_eupatoria,Agrimonia,Agrimonia eupatoria,L.,rjp-408
Rosales,Rosaceae,Agrimonia_pubescens,Agrimonia,Agrimonia pubescens,Wallr.,rjp-4740
Rosales,Rosaceae,Filipendula_ulmaria,Filipendula,Filipendula ulmaria,(L.) Maxim.,rjp-1024
Rosales,Rosaceae,Fragaria_vesca,Fragaria,Fragaria vesca,L.,rjp-23
Rosales,Rosaceae,Potentilla_crantzii,Potentilla,Potentilla crantzii,(Crantz) Beck ex Fritsch,rjp-19
Rosales,Rosaceae,Potentilla_reptans,Potentilla,Potentilla reptans,L.,rjp-527
Rosales,Rosaceae,Prunus_padus,Prunus,Prunus padus,L.,rjp-45
Rosales,Rosaceae,Prunus_spinosa,Prunus,Prunus spinosa,L.,rjp-43
Rosales,Rosaceae,Rubus_caesius,Rubus,Rubus caesius,L.,rjp-8
Rosales,Rosaceae,Rubus_urticifolius,Rubus,Rubus urticifolius,Poir.,rjp-97
Rosales,Rosaceae,Sorbus_aucuparia,Sorbus,Sorbus aucuparia,L.,rjp-68
Sapindales,Meliaceae,Guarea_macrophylla,Guarea,Guarea macrophylla,Vahl,kew-2834067
Sapindales,Rutaceae,Boronia_microphylla,Boronia,Boronia microphylla,Sieber ex Rchb.,kew-2680012
Sapindales,Rutaceae,Boronia_pinnata,Boronia,Boronia pinnata,Sm.,kew-2680047
Sapindales,Rutaceae,Boronia_serrulata,Boronia,Boronia serrulata,Sm.,kew-2680096
Sapindales,Rutaceae,Zieria_pilosa,Zieria,Zieria pilosa,Rudge,kew-2468840
Sapindales,Sapindaceae,Cardiospermum_grandiflorum,Cardiospermum,Cardiospermum grandiflorum,Sw.,kew-2700788
Saxifragales,Crassulaceae,Sedum_album,Sedum,Sedum album,L.,kew-2484837
Saxifragales,Crassulaceae,Sedum_sexangulare,Sedum,Sedum sexangulare,L.,kew-2484527
Saxifragales,Saxifragaceae,Saxifraga_aizoides,Saxifraga,Saxifraga aizoides,L.,kew-2583407
Saxifragales,Saxifragaceae,Saxifraga_caesia,Saxifraga,Saxifraga caesia,L.,kew-2584783
Saxifragales,Saxifragaceae,Saxifraga_rotundifolia,Saxifraga,Saxifraga rotundifolia,L.,kew-2585115
Saxifragales,Saxifragaceae,Saxifraga_stellaris,Saxifraga,Saxifraga stellaris,L.,kew-2584970
Solanales,Convolvulaceae,Calystegia_sepium,Calystegia,Calystegia sepium,(L.) R. Br.,tro-8500113
Solanales,Convolvulaceae,Convolvulus_arvensis,Convolvulus,Convolvulus arvensis,L.,tro-8500005
Solanales,Convolvulaceae,Cuscuta_indecora,Cuscuta,Cuscuta indecora,Choisy,tro-8500687
Solanales,Convolvulaceae,Ipomoea_grandifolia,Ipomoea,Ipomoea grandifolia,(Dammer) O'Donell,tro-8502010
Solanales,Convolvulaceae,Ipomoea_indivisa,Ipomoea,Ipomoea indivisa,(Vell.) Hallier f.,tro-8501918
Solanales,Convolvulaceae,Ipomoea_purpurea,Ipomoea,Ipomoea purpurea,(L.) Roth,tro-8500061
Solanales,Convolvulaceae,Merremia_dissecta,Merremia,Merremia dissecta,(Jacq.) Hallier f.,tro-8500068
Solanales,Solanaceae,Solanum_nigrum,Solanum,Solanum americanum,Mill.,tro-29600095
Solanales,Solanaceae,Solanum_dulcamara,Solanum,Solanum dulcamara,L.,tro-29600249
Solanales,Solanaceae,Solanum_diflorum,Solanum,Solanum pseudocapsicum,L.,tro-29600302
Solanales,Solanaceae,Solanum_rostratum,Solanum,Solanum rostratum,Dunal,tro-29600309
Solanales,Solanaceae,Solanum_sisymbriifolium,Solanum,Solanum sisymbriifolium,Lam.,tro-29600144
Solanales,Solanaceae,Solanum_tuberosum,Solanum,Solanum tuberosum,L.,tro-29600334
Solanales,Solanaceae,Solanum_variabile,Solanum,Solanum variabile,Mart.,tro-29601988
Zingiberales,Cannaceae,Canna_confusa,Canna,Canna paniculata,Ruiz & Pav.,kew-223965
